{
  "p_mu": -0.0002328647969989106,
  "p_sig": 1.5202304124832153,
  "a_mu": 0.002109871944412589,
  "a_sig": 14.63273811340332,
  "demo_mean": [
    6.557231824182272,
    0.6861951791913167
  ],
  "demo_scale": [
    3.9440082164608237,
    0.464038096761668
  ]
}